aircraft_id,model,capacity,status
AC001,Embraer E190,106,ACTIVE
AC002,ATR 72-600,70,ACTIVE
AC003,ATR 72-600,70,ACTIVE
AC004,ATR 72-600,70,ACTIVE
AC005,Boeing 787-9,296,ACTIVE
AC006,ATR 72-600,70,ACTIVE
AC007,Embraer E190,106,ACTIVE
AC008,Boeing 787-9,296,ACTIVE
AC009,Boeing 737 MAX 8,210,ACTIVE
AC010,Boeing 737 MAX 8,210,ACTIVE
AC011,Embraer E190,106,ACTIVE
AC012,Airbus A321,220,ACTIVE
AC013,Boeing 737-800,186,MAINTENANCE
AC014,Boeing 787-9,296,ACTIVE
AC015,Boeing 787-9,296,ACTIVE
AC016,ATR 72-600,70,ACTIVE
AC017,Airbus A320neo,195,ACTIVE
AC018,Boeing 767F,0,ACTIVE
AC019,Boeing 767F,0,ACTIVE
AC020,Boeing 737-800,186,MAINTENANCE
AC021,Boeing 787-9,296,ACTIVE
AC022,Airbus A320neo,195,ACTIVE
AC023,Airbus A321,220,ACTIVE
AC024,Boeing 737 MAX 8,210,ACTIVE
AC025,Boeing 787-9,296,ACTIVE
AC026,Boeing 787-9,296,ACTIVE
AC027,Boeing 737 MAX 8,210,MAINTENANCE
AC028,Boeing 737 MAX 8,210,ACTIVE
AC029,Embraer E190,106,MAINTENANCE
AC030,Boeing 787-9,296,ACTIVE
AC031,ATR 72-600,70,ACTIVE
AC032,Embraer E190,106,ACTIVE
AC033,Boeing 737 MAX 8,210,ACTIVE
AC034,Airbus A320neo,195,ACTIVE
AC035,Boeing 737-800,186,ACTIVE
