bag_id,flight_id,passenger_code,status
BAG0001,Q6599,PAX0350,IN_TRANSIT
BAG0002,Q6574,PAX2746,DELIVERED
BAG0003,AM519,PAX1131,LOADED
BAG0004,Q6495,PAX1513,CHECKED
BAG0005,Q6574,PAX0754,IN_TRANSIT
BAG0006,AM111,PAX2952,IN_TRANSIT
BAG0007,XA901,PAX2154,CHECKED
BAG0008,Y4766,PAX1586,CHECKED
BAG0009,Y4215,PAX1058,DELIVERED
BAG0010,Q6495,PAX1399,DELIVERED
BAG0011,Y4630,PAX1062,IN_TRANSIT
BAG0012,VB729,PAX1757,CHECKED
BAG0013,Y4751,PAX0121,IN_TRANSIT
BAG0014,VB572,PAX0613,DELIVERED
BAG0015,AM534,PAX2645,CHECKED
BAG0016,VB499,PAX2839,LOADED
BAG0017,VB422,PAX1329,MISSING
BAG0018,Y4630,PAX1063,LOADED
BAG0019,Y4789,PAX1254,CHECKED
BAG0020,VB145,PAX0387,DELIVERED
BAG0021,VB499,PAX0032,CHECKED
BAG0022,Q6574,PAX1235,IN_TRANSIT
BAG0023,XA332,PAX0578,IN_TRANSIT
BAG0024,AM938,PAX0657,DELIVERED
BAG0025,Q6495,PAX1216,LOADED
BAG0026,Y4407,PAX1399,CHECKED
BAG0027,AM579,PAX0770,MISSING
BAG0028,VB510,PAX0588,CHECKED
BAG0029,Q6600,PAX0661,IN_TRANSIT
BAG0030,Y4766,PAX2001,IN_TRANSIT
BAG0031,Y4215,PAX1536,CHECKED
BAG0032,Q6599,PAX0716,CHECKED
BAG0033,AM388,PAX0574,CHECKED
BAG0034,Y4215,PAX1173,IN_TRANSIT
BAG0035,XA901,PAX1874,DELIVERED
BAG0036,AM938,PAX0076,LOADED
BAG0037,XA176,PAX2662,LOADED
BAG0038,Y4766,PAX2380,CHECKED
BAG0039,Q6383,PAX1403,IN_TRANSIT
BAG0040,AM519,PAX2226,LOADED
BAG0041,VB929,PAX1114,LOADED
BAG0042,VB410,PAX2236,LOADED
BAG0043,Y4789,PAX1004,CHECKED
BAG0044,XA679,PAX0970,IN_TRANSIT
BAG0045,AM205,PAX2081,DELIVERED
BAG0046,XA332,PAX1778,LOADED
BAG0047,Y4303,PAX0289,DELIVERED
BAG0048,VB499,PAX0052,LOADED
BAG0049,AM111,PAX2623,LOADED
BAG0050,Y4789,PAX1612,CHECKED
BAG0051,VB510,PAX2124,IN_TRANSIT
BAG0052,VB422,PAX0370,IN_TRANSIT
BAG0053,AM340,PAX1082,CHECKED
BAG0054,Y4884,PAX0324,IN_TRANSIT
BAG0055,Y4869,PAX1556,CHECKED
BAG0056,VB422,PAX1513,LOADED
BAG0057,VB422,PAX2056,CHECKED
BAG0058,VB856,PAX0793,LOADED
BAG0059,XA332,PAX1573,DELIVERED
BAG0060,AM519,PAX1806,DELIVERED
BAG0061,Q6349,PAX0491,CHECKED
BAG0062,AM519,PAX1384,CHECKED
BAG0063,AM519,PAX1764,CHECKED
BAG0064,Q6599,PAX0898,CHECKED
BAG0065,XA600,PAX0443,MISSING
BAG0066,Q6947,PAX1059,IN_TRANSIT
BAG0067,Y4303,PAX1332,DELIVERED
BAG0068,AM519,PAX2461,DELIVERED
BAG0069,XA332,PAX2208,CHECKED
BAG0070,Y4869,PAX1825,MISSING
BAG0071,Y4766,PAX0043,DELIVERED
BAG0072,Y4407,PAX2506,DELIVERED
BAG0073,AM938,PAX0677,IN_TRANSIT
BAG0074,Y4215,PAX1202,LOADED
BAG0075,Y4267,PAX1370,IN_TRANSIT
BAG0076,VB145,PAX1987,CHECKED
BAG0077,AM101,PAX0034,DELIVERED
BAG0078,Y4267,PAX0629,DELIVERED
BAG0079,AM101,PAX0388,CHECKED
BAG0080,Q6600,PAX0442,LOADED
BAG0081,XA387,PAX0988,CHECKED
BAG0082,Q6947,PAX0238,CHECKED
BAG0083,XA659,PAX2125,LOADED
BAG0084,AM388,PAX1573,IN_TRANSIT
BAG0085,VB145,PAX0793,MISSING
BAG0086,AM534,PAX1657,IN_TRANSIT
BAG0087,Q6847,PAX2601,LOADED
BAG0088,Y4303,PAX2217,DELIVERED
BAG0089,XA901,PAX1930,DELIVERED
BAG0090,AM534,PAX2948,CHECKED
BAG0091,Y4303,PAX0652,CHECKED
BAG0092,VB379,PAX2690,MISSING
BAG0093,Q6349,PAX1075,CHECKED
BAG0094,Y4267,PAX1436,LOADED
BAG0095,XA387,PAX2079,LOADED
BAG0096,Y4884,PAX1958,LOADED
BAG0097,VB929,PAX1789,IN_TRANSIT
BAG0098,VB379,PAX1557,DELIVERED
BAG0099,Y4884,PAX1075,IN_TRANSIT
BAG0100,XA183,PAX0111,CHECKED
BAG0101,AM938,PAX2336,DELIVERED
BAG0102,Q6947,PAX2751,DELIVERED
BAG0103,AM579,PAX2210,IN_TRANSIT
BAG0104,VB422,PAX0951,DELIVERED
BAG0105,Y4303,PAX1168,LOADED
BAG0106,Y4884,PAX0803,CHECKED
BAG0107,VB499,PAX2370,LOADED
BAG0108,Y4766,PAX2980,CHECKED
BAG0109,XA901,PAX1072,IN_TRANSIT
BAG0110,Y4303,PAX0493,DELIVERED
BAG0111,VB856,PAX0994,MISSING
BAG0112,Q6947,PAX1993,DELIVERED
BAG0113,VB572,PAX0656,CHECKED
BAG0114,XA659,PAX0506,CHECKED
BAG0115,AM579,PAX0888,LOADED
BAG0116,XA676,PAX2002,CHECKED
BAG0117,Q6383,PAX0157,DELIVERED
BAG0118,Y4303,PAX1556,DELIVERED
BAG0119,XA600,PAX2873,IN_TRANSIT
BAG0120,VB422,PAX2470,LOADED
BAG0121,Y4630,PAX1431,DELIVERED
BAG0122,AM519,PAX0811,DELIVERED
BAG0123,AM519,PAX1693,DELIVERED
BAG0124,Q6600,PAX0820,LOADED
BAG0125,VB324,PAX0756,LOADED
BAG0126,VB410,PAX2138,IN_TRANSIT
BAG0127,Y4407,PAX0700,DELIVERED
BAG0128,VB572,PAX1285,DELIVERED
BAG0129,XA659,PAX1946,DELIVERED
BAG0130,AM519,PAX0573,IN_TRANSIT
BAG0131,VB929,PAX1230,LOADED
BAG0132,AM388,PAX0587,DELIVERED
BAG0133,VB410,PAX0653,DELIVERED
BAG0134,Q6495,PAX2495,DELIVERED
BAG0135,AM113,PAX2204,MISSING
BAG0136,VB510,PAX2366,DELIVERED
BAG0137,Q6599,PAX0098,IN_TRANSIT
BAG0138,XA387,PAX2245,LOADED
BAG0139,Y4630,PAX2342,MISSING
BAG0140,VB929,PAX2227,IN_TRANSIT
