source_location,target_location,distance_m
BAGROOM-2,BELT01
BAGROOM-2,BELT02
BAGROOM-1,BELT03
BAGROOM-2,BELT04
BAGROOM-2,BELT05
BAGROOM-2,BELT06
G10,CHECKIN-B,886
G28,G36,846
G25,BELT06,326
G38,G06,106
G40,G26,725
G32,RAMP-S,188
G24,BAGROOM-2,304
G23,G42,249
G13,G29,96
G09,CHECKIN-A,598
G22,BELT05,564
G28,G11,623
G20,CHECKIN-B,293
G36,BELT06,186
G40,G44,611
G06,BELT02,752
G19,G06,552
G24,G31,106
G02,G22,338
G44,BELT02,358
G01,BELT05,396
G09,BELT01,276
G32,G14,126
G01,RAMP-S,119
G32,BELT05,341
G39,BELT01,234
G04,CHECKIN-B,238
G30,BELT01,192
G35,BELT03,250
