flight_id,airline,origin,destination,aircraft_id,gate,status,priority
AM101,AirMex,MEX,TIJ,AC001,G12,BOARDING,2
AM205,AirMex,MEX,CUN,AC014,G08,DELAYED,3
VB410,Viva,MEX,MTY,AC022,G03,BOARDING,2
XA901,CargoAir,MEX,GDL,AC031,G20,EMERGENCY,5
XA600,CargoAir,MEX,MID,AC019,,LANDED,1
Q6599,AirMex,MEX,CUN,AC008,,DEPARTED,2
XA332,Viva,MEX,VER,AC020,G25,SCHEDULED,1
XA183,Viva,MEX,CUN,AC007,,DEPARTED,2
XA387,CargoAir,CUN,MEX,AC026,,DEPARTED,2
AM388,AirMex,MEX,MID,AC027,G29,SCHEDULED,2
XA676,Aeromar,MEX,CJM,AC026,G15,BOARDING,2
VB499,GlobalX,MEX,CUN,AC033,,LANDED,1
Q6383,Viva,MEX,CUN,AC018,G39,BOARDING,2
AM938,GlobalX,MTY,MEX,AC006,,LANDED,1
Y4766,AirMex,MTY,MEX,AC004,,DEPARTED,2
VB145,CargoAir,CUN,MEX,AC006,,DEPARTED,2
Y4789,CargoAir,MEX,CJM,AC025,G45,SCHEDULED,2
Y4884,Viva,MEX,VER,AC016,G33,SCHEDULED,1
Y4869,AirMex,MEX,MTY,AC026,G10,BOARDING,2
Y4303,GlobalX,GDL,MEX,AC013,,LANDED,1
Y4630,GlobalX,MTY,MEX,AC002,,LANDED,1
AM113,Viva,MEX,MID,AC002,G04,BOARDING,2
Q6947,GlobalX,MTY,MEX,AC031,,DEPARTED,2
AM111,AirMex,MEX,MID,AC004,G37,DELAYED,4
Y4267,Viva,CUN,MEX,AC011,,LANDED,1
Y4407,GlobalX,MEX,VER,AC001,,LANDED,1
VB422,CargoAir,MEX,HUX,AC035,G09,SCHEDULED,1
XA176,Aeromar,MEX,CUN,AC007,,DEPARTED,2
VB379,CargoAir,MTY,MEX,AC018,,SCHEDULED,1
Q6847,Viva,MEX,TIJ,AC028,G38,SCHEDULED,1
XA659,Aeromar,GDL,MEX,AC023,,LANDED,1
VB856,Aeromar,GDL,MEX,AC010,,SCHEDULED,2
Y4215,GlobalX,MTY,MEX,AC006,,DEPARTED,2
VB510,Aeromar,MEX,CJM,AC004,,LANDED,1
Y4751,CargoAir,MEX,TIJ,AC024,,LANDED,1
AM340,CargoAir,GDL,MEX,AC031,,DEPARTED,2
Q6349,GlobalX,MEX,MTY,AC019,G44,SCHEDULED,1
VB324,GlobalX,MEX,OAX,AC007,,DEPARTED,2
XA380,GlobalX,MEX,CUU,AC010,G26,BOARDING,2
XA507,GlobalX,MEX,GDL,AC007,G16,DELAYED,3
XA679,CargoAir,MEX,CJM,AC023,G06,DELAYED,3
AM579,AirMex,MEX,MID,AC010,G30,BOARDING,2
VB572,Viva,CUN,MEX,AC008,,LANDED,1
VB929,Viva,GDL,MEX,AC032,,SCHEDULED,1
Q6574,GlobalX,MEX,MID,AC033,,DEPARTED,2
VB729,Viva,MTY,MEX,AC030,,DEPARTED,2
AM534,AirMex,MEX,HUX,AC016,G32,BOARDING,2
Q6600,AirMex,GDL,MEX,AC002,,LANDED,1
AM519,CargoAir,GDL,MEX,AC003,,SCHEDULED,2
Q6495,Aeromar,MEX,CUN,AC025,G35,SCHEDULED,1
