gate_id,terminal,status,current_flight
G01,T1,AVAILABLE,
G02,T1,AVAILABLE,
G03,T1,OCCUPIED,VB410
G04,T1,OCCUPIED,AM113
G05,T1,AVAILABLE,
G06,T1,OCCUPIED,XA679
G07,T1,AVAILABLE,
G08,T1,OCCUPIED,AM205
G09,T1,OCCUPIED,VB422
G10,T1,OCCUPIED,Y4869
G11,T1,AVAILABLE,
G12,T1,OCCUPIED,AM101
G13,T1,CLOSED,
G14,T1,AVAILABLE,
G15,T1,OCCUPIED,XA676
G16,T2,OCCUPIED,XA507
G17,T2,CLOSED,
G18,T2,MAINTENANCE,
G19,T2,AVAILABLE,
G20,T2,OCCUPIED,XA901
G21,T2,AVAILABLE,
G22,T2,AVAILABLE,
G23,T2,AVAILABLE,
G24,T2,AVAILABLE,
G25,T2,OCCUPIED,XA332
G26,T2,OCCUPIED,XA380
G27,T2,AVAILABLE,
G28,T2,AVAILABLE,
G29,T2,OCCUPIED,AM388
G30,T2,OCCUPIED,AM579
G31,T3,MAINTENANCE,
G32,T3,OCCUPIED,AM534
G33,T3,OCCUPIED,Y4884
G34,T3,AVAILABLE,
G35,T3,OCCUPIED,Q6495
G36,T3,AVAILABLE,
G37,T3,OCCUPIED,AM111
G38,T3,OCCUPIED,Q6847
G39,T3,OCCUPIED,Q6383
G40,T3,MAINTENANCE,
G41,T3,AVAILABLE,
G42,T3,AVAILABLE,
G43,T3,AVAILABLE,
G44,T3,OCCUPIED,Q6349
G45,T3,OCCUPIED,Y4789
